<elements>
  <namespace ns="FlexCel.AddinFunctions">
    <summary>Addin functions.</summary>
    <remarks>The classes in this namespace allow FlexCel to recalculate many common formulas that include non standard functions.
    You shouldn't need to use this namespace directly, FlexCel will use it automatically when calculating files.
    </remarks>
  </namespace>
  <namespace ns="FlexCel.Core">
    <summary>Core classes and types in FlexCel.</summary>
    <remarks>This class contains all the basic definitions FlexCel needs to work. You will always need to use this namespace.</remarks>
  </namespace>
  <namespace ns="FlexCel.Draw">
    <summary>Platform specific classes that are used to abstract the rendering process, and provide the same experience in OSX, Android, Windows, etc.</summary>
    <remarks>There is normally no need to use the classes in this namespace, they are used internally.</remarks>
  </namespace>
  <namespace ns="FlexCel.Pdf">
    <summary>A native PDF engine.</summary>
    <remarks>This is a low level namespace used by FlexCel to create PDF files. You will normally want to use <see cref="FlexCel.Render.FlexCelPdfExport" /> instead of the classes in here.</remarks>
  </namespace>
  <namespace ns="FlexCel.Render">
    <summary>This namespace contains classes to render a spreadsheet into a visual representation.</summary>
    <remarks>The classes in this namespace allow FlexCel to export xls and xlsx files to pdf, html, images, etc.</remarks>
  </namespace>
  <namespace ns="FlexCel.Report">
    <summary>Reporting engine.</summary>
    <remarks>This namespace contains FlexCelReport, which is the class used to generate files by filling in templates.</remarks>
  </namespace>
  <namespace ns="FlexCel.XlsAdapter">
    <summary>Excel reading and writing engine.</summary>
    <remarks>This namespace contains the class TXlsFile, which is the main class in FlexCel. It is used to read and write xls or xlsx files.</remarks>
  </namespace>
</elements>